/*
drop table pass_in_trip;
drop table  passenger;
drop table  trip;
drop table  company;

*/
CREATE DATABASE ECHELONE;

USE ECHELONE;


CREATE TABLE Person (
	ID int NOT NULL ,
	FIO char (50) NOT NULL ,
    DR datetime,
	GENDER char (1) ,
    PAIR int 	
);


CREATE TABLE Address (
	ID int NOT NULL ,
	ID_Person int NOT NULL ,
	StartDate datetime ,
	City char (30),
	Adr char (100)
);


CREATE TABLE Tel (
	ID int NOT NULL ,
	ID_Person int NOT NULL ,
	TelNumber char (15),
	StartDate datetime ,
	OP char (15),
	Tarif char (1)
);

CREATE TABLE Sms (
	ID int NOT NULL ,
	ID_Tel int NOT NULL ,
	TelNumber char (15),
	StartDate datetime ,
	Text char (250)
);

CREATE TABLE Talk (
	ID int NOT NULL ,
	ID_Tel int NOT NULL ,
	TelNumber char (15),
	StartDate datetime ,
	Duration int
);

CREATE TABLE ZOOM (
	ID int NOT NULL ,
	ID_Tel int NOT NULL ,
	StartDate datetime ,
	Duration int
);

CREATE TABLE ZOOM_MEMBERS (
	ID_ZOOM int NOT NULL ,
	ID_Tel int NOT NULL
);



	
	
/*######################################################*/


insert into person values(1,' Bruce Willis','1989-8-2','M',null);
insert into person values(13,' Steve Martin','1983-7-22','M',5);
insert into person values(15,'Angelina Jolie','1994-2-19','F',3);
insert into person values(34,'    Brad Pitt','1998-5-1','M',null);
insert into person values(48,'Яковлев Арсен','1992-10-27',null,null);

insert into person values(2,'   George Clooney','1978-1-15','M',null);
insert into person values(3,'Kevin Costner','1979-11-2','M',15);
insert into person values(4,'Donald Sutherland','1983-7-2','M',null);
insert into person values(5,'Jennifer Lopez','1975-3-20','F',13);
insert into person values(6,'Ray Liotta','1981-11-26','M',null);
insert into person values(7,'Samuel L. Jackson','1982-2-16','M',null);
insert into person values(8,'Nikole Kidman','1981-2-13','F',39);
insert into person values(9,'Alan Rickman','1994-12-15','M',null);
insert into person values(10,'    Kurt Russell','1986-12-25','M',null);
insert into person values(11,'Harrison Ford','1975-3-13','M',null);
insert into person values(12,'Russell Crowe','1977-7-20','M',null);

insert into person values(14,' Michael Caine','1991-9-17','M',null);

insert into person values(16,'Mel Gibson','1983-5-23','M',null);
insert into person values(17,'Michael Douglas','1999-5-8','M',null);
insert into person values(18,'John Travolta','1998-6-7','M',null);
insert into person values(19,' Sylvester Stallone','1999-2-22','M',null);
insert into person values(20,'Tommy Lee Jones','1976-6-2','M',null);
insert into person values(21,'Catherine Zeta-Jones','1980-10-16','M',null);
insert into person values(22,' Antonio Banderas','1985-10-17','M',null);
insert into person values(23,'Kim Basinger','1998-1-5','F',null);
insert into person values(24,'Sam Neill','1990-5-19','M',null);
insert into person values(25,' Gary Oldman','1984-1-19','M',null);
insert into person values(26,'Clint Eastwood','1976-9-11','M',null);
insert into person values(27,'   Brad Pitt','1992-4-24','M',null);
insert into person values(28,'  Johnny Depp','1979-9-3','M',null);
insert into person values(29,'  Pierce Brosnan','1977-5-22','M',null);
insert into person values(30,'  Sean Connery','1978-7-26','M',null);
insert into person values(31,'   Bruce Willis','1996-1-15','M',null);
insert into person values(32,'  Mullah Omar','1975-3-3','M',null);
insert into person values(33,'     John Travolta','1986-9-20','M',null);

insert into person values(35,'Абдуррахман Хаттаб','1992-2-20','M',null);
insert into person values(36,'Гай Риччи','1992-2-20','M',null);
insert into person values(37,'Максим Матвеев','1992-2-20','M',38);
insert into person values(38,'Елизавета Боярская','1992-2-20','F',37);

insert into person values(39,' Иванов Петя','1992-2-20','M',8);
insert into person values(40,' Петров Иван','1979-10-19','M',null);
insert into person values(41,'Владимир Владимирович!','1999-10-25','M',47);
insert into person values(42,'Васильев Александр','1994-3-10','M',null);
insert into person values(43,'Елизавета II','1896-1-9',null,null);
insert into person values(44,' Смирнов Альберт','1981-7-25','M',null);
insert into person values(45,'  Михайлов Анатолий','1982-12-21','M',null);
insert into person values(46,'  Фёдоров Андрей','1975-3-17','M',null);
insert into person values(47,'  Иванова Настя','1982-11-7','F',41);

insert into person values(49,'  Попов Арсений','1986-2-8','M',null);
insert into person values(50,' Васильев Александр','1991-11-24','M',null);



/*######################################################*/


insert into address values(1,30,'1990-5-16','Петрозаводск','Коллективный пр., дом 4, кв. 10');
insert into address values(2,18,'1986-11-11','Ярославль','Краснополянская ул., дом 16, кв. 28');
insert into address values(3,28,'1989-11-25','Магадан','ул. Лобанова, дом 12, кв. 25');
insert into address values(4,40,'1986-3-1','Мурманск','М. Козловский пер., дом 3, кв. 18');
insert into address values(5,13,'1999-9-1','Тольятти','Липецкая ул., дом 27, кв. 22');
insert into address values(6,26,'1988-1-13','Чебоксары','Кленовый бульв., дом 19, кв. 2');
insert into address values(7,14,'2009-9-4','Нижний Тагил','ул. Литвина-Седого, дом 9, кв. 5');
insert into address values(8,1,'1993-11-1','Волгоград','2-й Красногорский пр., дом 23, кв. 6');
insert into address values(9,4,'1997-9-18','Норильск','Крестьянский туп., дом 8, кв. 7');
insert into address values(10,43,'2006-1-16','Нижний Тагил','Кременчугская ул., дом 21, кв. 4');
insert into address values(11,12,'1994-6-9','Ярославль','ул. Кубинка, дом 8, кв. 26');
insert into address values(12,35,'2005-10-17','Электросталь','1-я Карачаровская ул., дом 11, кв. 11');
insert into address values(13,40,'2016-4-12','Белгород','Б. Коптевский пр., дом 3, кв. 3');
insert into address values(14,4,'2015-5-25','Норильск','6-й Красносельский пер., дом 8, кв. 25');
insert into address values(15,27,'1989-11-4','Мурманск','Киевская ул., дом 28, кв. 14');
insert into address values(16,21,'1983-5-8','Калининград','ул. Красный Казанец, дом 14, кв. 16');
insert into address values(17,42,'2015-5-24','Нижний Новгород','Коренная ул., дом 10, кв. 19');
insert into address values(18,14,'1991-2-3','Волгоград','Иркутская ул., дом 19, кв. 19');
insert into address values(19,11,'1990-2-19','Гусь-Хрустальный','Конный пер., дом 12, кв. 17');
insert into address values(20,19,'1997-6-1','Норильск','М. Кисельный пер., дом 8, кв. 14');
insert into address values(21,3,'1988-1-8','Тольятти','ул. Кренкеля, дом 4, кв. 7');
insert into address values(22,33,'2005-7-9','Абакан','ул. Крымский Вал, дом 15, кв. 25');
insert into address values(23,17,'2003-1-14','Уфа','ул. Лавочкина, дом 2, кв. 23');
insert into address values(24,43,'2017-7-2','Гусь-Хрустальный','Краснодонская ул., дом 14, кв. 10');
insert into address values(25,43,'1991-9-3','Абакан','Краснодарская ул., дом 13, кв. 20');
insert into address values(26,20,'2018-4-6','Дубна','Крапивенский пер., дом 25, кв. 12');
insert into address values(27,39,'1990-2-13','Екатеринбург','пл. Белы Куна, дом 3, кв. 13');
insert into address values(28,38,'1992-3-20','Верхняя Пышма','Колпачный пер., дом 15, кв. 16');
insert into address values(29,13,'2018-3-15','Тольятти','ул. Кржижановского, дом 25, кв. 5');
insert into address values(30,17,'2009-7-8','Орел','Лианозовский пр., дом 16, кв. 3');
insert into address values(31,38,'2018-2-9','Ярославль','М. Козловский пер., дом 24, кв. 12');
insert into address values(32,6,'1989-6-14','Нижний Новгород','Липецкая ул., дом 19, кв. 23');
insert into address values(33,47,'2002-2-24','Иркутск','2-я ул. Лазенки, дом 5, кв. 26');
insert into address values(34,14,'2015-8-7','Тюмень','Лыщиков пер., дом 3, кв. 10');
insert into address values(35,7,'2008-10-23','Кумертау','М. Калужская ул., дом 19, кв. 7');
insert into address values(36,33,'1990-3-11','Нижний Новгород','Липовая аллея, дом 19, кв. 24');
insert into address values(37,34,'1981-3-6','Улан-Удэ','Лучников пер., дом 11, кв. 28');
insert into address values(38,13,'2014-12-15','Липецк','3-й Крутицкий пер., дом 14, кв. 9');
insert into address values(39,23,'1981-11-21','Алексин','Конный пер., дом 27, кв. 23');
insert into address values(40,5,'1999-9-16','Северодвинск','Листопадная ул., дом 1, кв. 10');
insert into address values(41,16,'2008-3-16','Ярославль','Комсомольский просп., дом 15, кв. 2');
insert into address values(42,39,'2006-4-23','Шуя','Котельническая наб., дом 25, кв. 3');
insert into address values(43,37,'2018-8-11','Петрозаводск','Конюшковская ул., дом 27, кв. 3');
insert into address values(44,6,'2007-1-6','Орел','Лобненская ул., дом 8, кв. 27');
insert into address values(45,8,'2020-12-13','Северодвинск','Карамышевский пр., дом 2, кв. 28');
insert into address values(46,3,'2002-5-26','Электросталь','Климентовский пер., дом 9, кв. 7');
insert into address values(47,4,'2000-9-12','Тюмень','Луговая ул., дом 22, кв. 3');
insert into address values(48,9,'2011-5-3','Магадан','Каргопольская ул., дом 23, кв. 2');
insert into address values(49,34,'2015-1-27','Ярославль','1-й Краснокурсантский пр., дом 9, кв. 5');
insert into address values(50,11,'1992-10-5','Комсомольск-на-Амуре','Косинская эстакада, дом 9, кв. 3');
insert into address values(51,27,'2018-12-3','Магадан','Калмыков пер., дом 27, кв. 8');
insert into address values(52,16,'2010-4-27','Жигулевск','Б. Кисельный пер., дом 20, кв. 25');
insert into address values(53,44,'1995-3-11','Иркутск','1-й Иртышский пр., дом 7, кв. 15');
insert into address values(54,21,'2016-4-15','Энгельс','Карамышевский пр., дом 21, кв. 23');
insert into address values(55,34,'1992-1-11','Орел','Луховицкая ул., дом 1, кв. 11');
insert into address values(56,17,'2016-4-13','Нижний Новгород','2-я Леснорядская ул., дом 18, кв. 16');
insert into address values(57,44,'1997-4-7','Екатеринбург','Курская ул., дом 10, кв. 6');
insert into address values(58,23,'1980-12-23','Архангельск','2-й Красковский пр., дом 21, кв. 7');
insert into address values(59,1,'1999-5-27','Ростов-на-Дону','Колхозная ул., дом 26, кв. 26');
insert into address values(60,23,'1981-4-7','Дубна','ул. Кадырова, дом 8, кв. 11');
insert into address values(61,10,'2016-8-22','Гусь-Хрустальный','Лосинский пр., дом 27, кв. 16');
insert into address values(62,34,'1985-9-19','Гусь-Хрустальный','Кусковская ул., дом 4, кв. 8');
insert into address values(63,29,'1984-12-28','Нижний Тагил','2-й Котельнический пер., дом 4, кв. 22');
insert into address values(64,38,'1995-8-22','Белгород','Коровинское ш., дом 18, кв. 25');
insert into address values(65,38,'2001-10-6','Кумертау','Калошин пер., дом 24, кв. 28');
insert into address values(66,7,'2007-4-4','Чебоксары','пл. Академика Келдыша, дом 16, кв. 27');
insert into address values(67,12,'1993-2-21','Норильск','Лермонтовский просп., дом 17, кв. 24');
insert into address values(68,39,'2006-4-2','Шуя','Ленская ул., дом 4, кв. 27');
insert into address values(69,46,'1986-4-17','Ярославль','5-я Кабельная ул., дом 5, кв. 6');



/*######################################################*/


insert into tel values(1,23,'+7(907)5258413','2005-8-17','ТинькоффМобайл','I');
insert into tel values(2,1,'+7(924)6171203','1992-8-1','МТС','I');
insert into tel values(3,4,'+7(919)1578127','1996-1-25','ТинькоффМобайл','I');
insert into tel values(4,45,'+7(925)6576507','2010-3-7','Мегафон','I');
insert into tel values(5,9,'+7(926)4350935','2007-11-4','Билайн','T');
insert into tel values(6,10,'+7(914)6073702','2017-11-15','ТинькоффМобайл','I');
insert into tel values(7,16,'+7(922)2552128','1995-2-2','ТинькоффМобайл','I');
insert into tel values(8,18,'+7(926)6048600','2018-9-16','Билайн','S');
insert into tel values(9,24,'+7(922)4832753','2004-6-21','Мегафон','I');
insert into tel values(10,46,'+7(917)2926465','2009-10-27','ТинькоффМобайл','I');
insert into tel values(11,23,'+7(926)8427895','2014-5-4','МТС','T');
insert into tel values(12,15,'+7(913)3693454','2000-4-12','Мегафон','I');
insert into tel values(13,12,'+7(909)4436939','1983-7-3','Мегафон','I');
insert into tel values(14,11,'+7(922)4693833','2016-9-10','Билайн','S');
insert into tel values(15,16,'+7(919)5032863','2016-7-15','Мегафон','S');
insert into tel values(16,32,'+7(926)8147452','1990-4-1','Мегафон','S');
insert into tel values(17,20,'+7(903)5569836','2001-12-8','ТинькоффМобайл','I');
insert into tel values(18,22,'+7(904)8255101','2020-5-10','Йота','I');
insert into tel values(19,41,'+7(915)3882598','2017-9-11','Билайн','I');
insert into tel values(20,19,'+7(907)1872722','2018-3-16','ТинькоффМобайл','I');
insert into tel values(21,13,'+7(922)8838229','1987-10-2','Мегафон','T');
insert into tel values(22,37,'+7(903)7025045','1984-3-22','МТС','I');
insert into tel values(23,6,'+7(903)6649545','1990-2-8','Мегафон','T');
insert into tel values(24,7,'+7(917)8142354','2010-10-2','ТинькоффМобайл','I');
insert into tel values(25,12,'+7(913)5171399','1998-7-15','Мегафон','T');
insert into tel values(26,27,'+7(908)4683958','1991-11-1','ТинькоффМобайл','I');
insert into tel values(27,33,'+7(907)9062541','2020-9-14','Йота','T');
insert into tel values(28,22,'+7(923)1692884','1984-11-27','Йота','I');
insert into tel values(29,18,'+7(913)2684291','1998-3-15','МТС','T');
insert into tel values(30,16,'+7(915)9467108','2000-10-24','Билайн','S');
insert into tel values(31,19,'+7(910)8033183','1986-8-2','Билайн','T');
insert into tel values(32,39,'+7(907)6610428','2005-8-27','ТинькоффМобайл','I');
insert into tel values(33,2,'+7(924)3893454','1982-11-11','Мегафон','T');
insert into tel values(34,9,'+7(917)1970557','1982-1-13','ТинькоффМобайл','I');
insert into tel values(35,1,'+7(925)3699412','2009-8-7','ТинькоффМобайл','I');
insert into tel values(36,23,'+7(903)3124680','2009-3-9','Мегафон','I');
insert into tel values(37,10,'+7(915)6160433','2001-4-28','Мегафон','T');
insert into tel values(38,7,'+7(924)6639720','1991-7-3','ТинькоффМобайл','I');
insert into tel values(39,38,'+7(903)2393320','1999-5-28','МТС','I');
insert into tel values(40,25,'+7(924)2010015','1980-7-5','ТинькоффМобайл','I');
insert into tel values(41,5,'+7(914)9790005','2002-4-10','Мегафон','I');
insert into tel values(42,13,'+7(903)8813159','2010-11-19','Йота','T');
insert into tel values(43,6,'+7(926)6241086','2015-6-14','ТинькоффМобайл','I');
insert into tel values(44,22,'+7(921)1350020','2005-12-25','Йота','I');
insert into tel values(45,37,'+7(912)1836394','1981-12-24','Билайн','I');
insert into tel values(46,24,'+7(916)6301660','2007-4-22','Билайн','T');
insert into tel values(47,40,'+7(916)3591199','1996-12-12','Билайн','S');
insert into tel values(48,28,'+7(913)2228974','2003-3-20','Йота','I');
insert into tel values(49,37,'+7(922)9336715','2009-8-17','Мегафон','S');
insert into tel values(50,37,'+7(909)1550352','2020-2-4','МТС','T');
insert into tel values(51,21,'+7(910)2480302','1981-7-2','Билайн','S');
insert into tel values(52,25,'+7(906)1358996','2003-7-17','МТС','S');
insert into tel values(53,16,'+7(917)5377536','1999-5-22','Мегафон','I');
insert into tel values(54,15,'+7(919)2137749','1984-4-9','Мегафон','S');
insert into tel values(55,39,'+7(911)8495962','1983-1-23','Мегафон','S');
insert into tel values(56,13,'+7(925)1235080','1982-10-24','Билайн','T');
insert into tel values(57,44,'+7(909)6045161','1994-1-22','Мегафон','I');
insert into tel values(58,43,'+7(907)1917179','2016-5-23','ТинькоффМобайл','I');
insert into tel values(59,4,'+7(905)3234829','1997-6-6','Мегафон','S');
insert into tel values(60,25,'+7(921)7754575','2017-3-21','Билайн','I');
insert into tel values(61,14,'+7(910)1424761','1981-10-7','Мегафон','S');
insert into tel values(62,2,'+7(912)9477543','1980-5-2','ТинькоффМобайл','I');
insert into tel values(63,16,'+7(910)9627522','1991-6-18','Билайн','T');
insert into tel values(64,1,'+7(907)7172553','1986-10-22','Йота','T');
insert into tel values(65,4,'+7(908)9502644','1992-6-15','Йота','T');
insert into tel values(66,25,'+7(925)4492939','2018-9-8','Йота','T');
insert into tel values(67,32,'+7(906)2622096','1987-6-15','Йота','T');
insert into tel values(68,21,'+7(904)8595995','2005-7-17','Йота','T');
insert into tel values(69,36,'+7(903)4645850','2009-6-17','Билайн','I');
insert into tel values(70,6,'+7(921)1849304','1995-3-24','МТС','T');
insert into tel values(71,21,'+7(919)2499326','2011-2-8','ТинькоффМобайл','I');
insert into tel values(72,6,'+7(921)4562752','1980-4-18','ТинькоффМобайл','I');
insert into tel values(73,26,'+7(923)9365266','2019-5-25','Йота','I');
insert into tel values(74,45,'+7(906)1309115','1983-5-19','Мегафон','I');
insert into tel values(75,43,'+7(903)7978306','1980-10-27','Мегафон','T');
insert into tel values(76,6,'+7(911)4353585','2011-8-8','Йота','I');
insert into tel values(77,47,'+7(911)7851089','1981-3-17','Мегафон','I');
insert into tel values(78,26,'+7(913)7270085','2014-11-11','МТС','I');
insert into tel values(79,31,'+7(910)7014170','2016-5-23','Мегафон','I');

/*######################################################*/

insert into sms values(1,33,'+7(623)2476003','2020-5-26 15:47:6','Твой мобильник.');
insert into sms values(2,79,'+7(510)2685625','2013-7-28 10:54:12','День пусть принесет удачу, мешок чудес в придачу, новых встреч без суеты, и исполнения мечты! 21 ');
insert into sms values(3,1,'+7(431)3871136','2020-6-18 21:15:43','Любимый желаю тебе доброго дня, чтоб сегодня никто не огорчал тебя, чтоб в делах был успех, а ты был на голову выше всех! 13 ');
insert into sms values(4,69,'+7(431)3871136','2017-2-11 18:15:59','Хочу с тобой пройтись кое-куда, ну, ты помнишь это место…  ');
insert into sms values(5,40,'+7(168)3324667','2011-6-6 5:10:44','Целую! Доброго дня желаю, пусть он будет ясным, вовсе не напрасным, день для приключений и всяких вдохновений! 11 ');
insert into sms values(6,16,'+7(272)4454680','2013-2-19 3:53:42','Любимый, ты оправдаешь мои надежды?  ');
insert into sms values(7,70,'+7(377)7955632','2020-12-22 21:10:11','Пусть день будет успешным, работа не спешной. Тебя люблю я и скучаю, и больше вокруг ничего не замечаю! 20 ');
insert into sms values(8,78,'+7(388)8779653','2012-5-4 18:35:38','Целую! Желаю тебе дня самого классного, во всем сегодня успеха прекрасного!');
insert into sms values(9,48,'+7(867)7570194','2014-10-11 12:32:26','Просыпайся, моя радость, и улыбнись побыстрее. И это хмурое утро сразу станет солнечным, теплым и ярким, потому что встанет мое любимое солнышко! 9 ');
insert into sms values(10,26,'+7(757)3691361','2020-1-11 9:46:30','Удачного дня! Люблю я тебя! Пусть на работе будет порядок, а вечер со мной будет сладок! 8 ');
insert into sms values(11,72,'+7(622)6125455','2015-11-25 2:50:9','Пусть это утро принесет тебе заряд энтузиазма на весь день! Миллион тебе улыбок, бездна позитива и море моей сладкой, опьяняющей любви! 9 ');
insert into sms values(12,65,'+7(681)4909565','2018-3-10 8:59:1','Удачного дня! Люблю я тебя! Пусть на работе будет порядок, а вечер со мной будет сладок! 8 ');
insert into sms values(13,28,'+7(709)6358438','2013-5-27 8:50:39','Пусть день удачливо начнется и хорошо все обернется. Ты радостно вперед иди – Удачный день ждет впереди! 23 ');
insert into sms values(14,15,'+7(805)2382193','2010-1-21 13:49:50','Хорошего дня! Скучаю я без тебя! Хочу скорей обнять и сладко-сладко в губы поцеловать! 54 ');
insert into sms values(15,77,'+7(174)9566266','2010-10-10 1:5:12','Прости! ');
insert into sms values(16,76,'+7(681)4909565','2019-9-22 21:34:31','Девушка у вас случайно ноги не болят? Нет? Странно — а вы у меня весь день из головы не выходили!');
insert into sms values(17,40,'+7(941)2496289','2013-9-26 15:58:31','Желаю тебе самого прекрасного дня, самых классных новостей и замечательных событий. Пусть в этот день судьба тебя просто побалует! 9 ');
insert into sms values(18,1,'+7(839)7040824','2019-2-8 0:39:11','Энергично просыпаемся! Начинаем жить по полной программе! С улыбкой, позитивом и напутствием от любимой ) 7 ');
insert into sms values(19,49,'+7(619)6784699','2014-10-20 3:10:34','Доехала нормально, целую.');
insert into sms values(20,59,'+7(326)2358034','2020-7-13 19:29:10','Пусть живется без сомнений и печалей на душе! Пусть все в жизни происходит так, как хочется тебе! 7 ');
insert into sms values(21,69,'+7(273)2186949','2020-8-16 12:50:33','Пишу письмо и ставлю точки. Ты знаешь все, о чем хочу сказать. Целую тебя нежно в обе щечки и дня доброго спешу я пожелать! 0 ');
insert into sms values(22,20,'+7(376)6556984','2018-1-28 0:21:42','Голосовые сообщенияУлыбка и серые глаза');
insert into sms values(23,46,'+7(587)3362594','2017-3-10 7:21:38','Я желаю всей душой, чтобы день был неплохой! 17 ');
insert into sms values(24,2,'+7(276)3197420','2014-4-17 18:49:3','Мою голову посетила сейчас такая идея! Такая идея!  ');
insert into sms values(25,13,'+7(714)9639732','2017-2-11 5:36:32','Открывай глазки! Выбирайся из кровати! С добрым утром! Тебя ждут самые великие дела!! Давай, давай, быстрей становись бодрым, счастливым и воодушевляющим! 10 ');
insert into sms values(26,50,'+7(597)9016182','2013-8-22 17:49:16','Доехала нормально, целую.');
insert into sms values(27,61,'+7(762)8980350','2019-6-19 20:22:15','День пусть принесет удачу, мешок чудес в придачу, новых встреч без суеты, и исполнения мечты! 21 ');
insert into sms values(28,39,'+7(843)8760761','2011-6-21 8:52:37','Хорошего дня! Скучаю я! Жду с нетерпеньем твоего скорейшего возращенья! 15 ');
insert into sms values(29,3,'+7(963)2155358','2010-4-28 2:51:11','Меня к тебе тянет кое-что… об этом расскажу при встрече)  ');
insert into sms values(30,60,'+7(276)3197420','2013-12-26 9:30:11','Сама себе удивляюсь, как я могла до такого додуматься!  ');
insert into sms values(31,38,'+7(978)1785218','2019-7-21 16:8:38','Желаю любимый хорошего дня! Все будет отлично сегодня у тебя! 12 ');
insert into sms values(32,43,'+7(161)4552521','2015-8-19 1:35:59','Желаю тебе самого прекрасного дня, самых классных новостей и замечательных событий. Пусть в этот день судьба тебя просто побалует! 9 ');
insert into sms values(33,35,'+7(677)3838346','2012-3-7 21:17:39','С добрым утром! Ты, наверно, ещё спишь? Можно я буду твоим солнышком? Это первый мой лучик, мой первый сладкий поцелуйчик, и он только для тебя! 14 ');
insert into sms values(34,44,'+7(980)1926191','2019-12-6 8:10:24','Ты самый нежный и красивый! Ты мой любимый! Самый страстный и привлекательный, пусть день сегодня твой будет просто замечательный! 15 ');
insert into sms values(35,2,'+7(841)1675384','2013-1-21 9:34:57','Я пишу тебе прилежно, чтоб сказать тепло и нежно — С добрым утром! С новым днем! Любви, удачи, счастья в нем! 20 ');
insert into sms values(36,27,'+7(379)3299659','2018-2-5 18:26:39','Я просто очарована тем, что узнала о тебе!  ');
insert into sms values(37,37,'+7(622)6125455','2010-6-8 5:29:25','Почему ты всё это время, что мы вместе, молчал?');
insert into sms values(38,26,'+7(485)3986846','2020-4-15 19:30:50','Передаю поцелуйчик для поднятия настроения! Люблю тебя. Пусть этот день у тебя будет просто прекрасным!');
insert into sms values(39,20,'+7(351)1921910','2010-7-25 21:6:5','Я пишу тебе прилежно, чтоб сказать тепло и нежно — С добрым утром! С новым днем! Любви, удачи, счастья в нем! 20 ');
insert into sms values(40,13,'+7(347)5676693','2017-2-19 16:36:16','Пусть сегодня у тебя все получается, пусть день будет хорош! Прекрасен, ясен и пригож! 13 ');
insert into sms values(41,56,'+7(839)7040824','2015-12-1 2:23:48','Я ведь лучше собаки!?');
insert into sms values(42,59,'+7(769)1083354','2014-10-2 11:21:47','Я представляю, как ты ругаешься, когда в очередной раз слышишь звуки пришедшего смс сообщения. А кому сейчас легко?');
insert into sms values(43,26,'+7(346)8757880','2017-10-26 21:6:28','Все произошло так неожиданно, что и не знаю теперь, как об этом рассказать)  ');
insert into sms values(44,79,'+7(481)2348372','2017-2-25 1:26:38','Я просто очарована тем, что узнала о тебе!  ');
insert into sms values(45,76,'+7(839)7040824','2011-12-9 19:28:36','Сегодня ночью обещают звездопад… Извини, но я загадаю свое самое сокровенное желание!  ');
insert into sms values(46,36,'+7(340)8724525','2020-4-26 7:49:59','Желаю любимый я доброго дня! Пусть все твои мечты в реальность воплотятся, работай но не забывай и расслабляться ) 12 ');
insert into sms values(47,35,'+7(570)2312907','2019-8-28 23:12:20','Я сейчас иду такая счастливая!  ');
insert into sms values(48,21,'+7(388)8779653','2019-3-12 14:9:17','Сегодня хороший день неспроста, пусть он таким остается всегда! Пусть на работе все будет отлично и настроение феерично! 13 ');
insert into sms values(49,30,'+7(597)9016182','2011-4-16 19:45:15','Ты знаешь, а в этом есть своя прелесть!  ');
insert into sms values(50,1,'+7(340)8724525','2016-12-14 22:27:5','Все произошло так неожиданно, что и не знаю теперь, как об этом рассказать)  ');
insert into sms values(51,39,'+7(491)2907279','2015-4-28 2:53:27','Доброе утро! Закончилось время сладких снов! Раз-два, начинаем прекрасный день! 9 ');
insert into sms values(52,63,'+7(997)9952121','2015-3-28 9:0:15','Мое сердце открыло дверку для кое-кого… Для меня это так неожиданно!  ');
insert into sms values(53,44,'+7(273)2186949','2013-11-6 14:45:24','Радость моя, ты должен обязательно сделать это сегодня!  ');
insert into sms values(54,2,'+7(347)5676693','2014-11-14 10:53:20','Знаешь, почему ты должен терпеть мои капризы?  ');
insert into sms values(55,19,'+7(485)3986846','2020-3-18 0:58:18','Почему ты всё это время, что мы вместе, молчал?');
insert into sms values(56,42,'+7(941)2496289','2016-8-25 23:36:43','Пусть сегодня у тебя все получается, пусть день будет хорош! Прекрасен, ясен и пригож! 13 ');
insert into sms values(57,79,'+7(116)1040928','2018-4-13 6:59:37','Любимый я жду тебя с нетерпеньем! Желаю всего дня тебе с везеньем! Ты в моей жизни главный! Любимый мой герой! 22 ');
insert into sms values(58,4,'+7(431)3871136','2014-1-15 5:36:27','Доброе утро! Закончилось время сладких снов! Раз-два, начинаем прекрасный день! 9 ');
insert into sms values(59,62,'+7(597)9016182','2016-6-15 4:15:23','Увидеть тебя - зрелище не для слабонервных.');
insert into sms values(60,67,'+7(205)8145433','2013-4-21 12:0:7','Умные девушки умеют заинтриговать любого парня. Так что я жду объяснений прямо сейчас!  ');
insert into sms values(61,59,'+7(388)8779653','2020-3-27 8:6:1','Мне прямо не верится, как я на такое решилась! Я видимо потеряла свой разум!  ');
insert into sms values(62,37,'+7(377)7955632','2010-3-8 5:2:24','Вот сижу и не знаю, что мне теперь думать…  ');
insert into sms values(63,11,'+7(507)3989406','2012-3-15 2:28:57','Я уже приготовила тебе самую стильную одежду. Не задерживайся после работы.');
insert into sms values(64,10,'+7(997)9952121','2019-6-18 15:26:10','Доброго утра сегодня желаю! Я настроенье твое повышаю! Целый день чтоб прошел не напрасно, обниму и прижмусь к тебе страстно! 7 ');
insert into sms values(65,61,'+7(156)4607825','2013-6-12 4:21:37','Я хотел(а) послать тебе нечто красивое, нежное, эротичное, умное и веселое, но я не помещаюсь на экране.');
insert into sms values(66,70,'+7(963)2155358','2015-12-1 22:0:23','Улыбнись! Человек без улыбки, это дом без хозяйки, это кот без хвоста, это хвост без кота! Улыбайся всегда');
insert into sms values(67,38,'+7(161)4552521','2018-3-21 15:11:37','Добрый день! Целую тебя! Ты самая большая радость у меня! 34 (1)');
insert into sms values(68,71,'+7(534)8303543','2010-7-6 21:3:55','Доброго утра желаю тебе! Пусть это день удачу несет! Желаю улыбаться, не грустить! Сегодня пусть во всем тебе везет! 11 ');
insert into sms values(69,18,'+7(377)7955632','2018-3-6 5:22:27','Хорошего дня. Хорошей дороги, хороших идей! Пусть встретится много хороших людей! 24 ');
insert into sms values(70,38,'+7(272)4454680','2010-12-9 14:17:18','День пусть принесет удачу, мешок чудес в придачу, новых встреч без суеты, и исполнения мечты! 21 ');
insert into sms values(71,9,'+7(597)9016182','2010-3-4 6:33:8','Я иду и улыбаюсь, и ни капли не смущаюсь, и тебе желаю я супер-пупер-мега дня! 16 ');
insert into sms values(72,54,'+7(515)4032605','2018-10-15 17:16:32','Желаю самого доброго, бодрого, счастливого, красивого, нежного, сладкого и прекрасного утра! 11 ');
insert into sms values(73,18,'+7(980)1926191','2020-2-3 23:34:49','Пусть мой поцелуйчик подарит тебе заряд энергии и отличного настроения на целый день! Пусть придут к тебе потрясающие идеи, и в жизни происходят самые яркие и прекрасные события! 6 ');
insert into sms values(74,18,'+7(376)6556984','2015-5-7 12:50:3','Я раскрыла твою тайну  ');
insert into sms values(75,31,'+7(843)8760761','2017-10-17 5:47:30','Рядом водичка журчит, так приятно…  ');
insert into sms values(76,72,'+7(867)7570194','2013-12-12 20:13:54','Пусть удача улыбнется тебе с самого утра, настроение проснется и улучшатся дела! 20 ');
insert into sms values(77,35,'+7(485)3986846','2015-6-15 14:58:28','Пусть этот день принесет удачу, а также счастье и тепло, тебя люблю я и желаю, чтобы тебе сегодня волшебно повезло! 5 ');
insert into sms values(78,21,'+7(174)9566266','2019-1-21 7:40:17','Мое сердце открыло дверку для кое-кого… Для меня это так неожиданно!  ');
insert into sms values(79,48,'+7(272)4454680','2012-4-24 10:54:21','Почему ты всё это время, что мы вместе, молчал?');
insert into sms values(80,50,'+7(997)9952121','2010-10-28 16:1:24','Желаю любимый хорошего дня! Все будет отлично сегодня у тебя! 12 ');
insert into sms values(81,39,'+7(827)2417000','2018-9-14 13:56:36','Желаю самого приятного и яркого дня! 5 ');
insert into sms values(82,7,'+7(431)3871136','2012-5-12 14:41:50','Добрый день, милый, любимый! Так соскучилась! Поцелуй тебе нежный я шлю и обнять меня крепко прошу. 9 ');
insert into sms values(83,15,'+7(677)3838346','2011-4-24 23:45:15','Я иду и улыбаюсь, и ни капли не смущаюсь, и тебе желаю я супер-пупер-мега дня! 16 ');
insert into sms values(84,15,'+7(161)4552521','2010-1-2 10:31:14','Утром я проснулась, сладко потянулась, вспомнила о тебе, улыбнулась и решила пожелать удачного дня! Море улыбок! Весь мир для тебя! 8 ');
insert into sms values(85,13,'+7(805)2382193','2013-4-17 16:10:6','Я представляю, как ты ругаешься, когда в очередной раз слышишь звуки пришедшего смс сообщения. А кому сейчас легко?');
insert into sms values(86,77,'+7(347)5676693','2018-8-14 6:40:53','Каждое утро, открывая глаза, я думаю о тебе! С добрым утром любимый! 2 ');
insert into sms values(87,15,'+7(843)8760761','2018-12-13 15:58:42','Потягиваемся, улыбаемся! Я скучаю и Я ТЕБЯ ЛЮБЛЮ! Доброе утро, вставай! Начинается день, который подарит тебе радость и хорошее настроение! 12 ');
insert into sms values(88,73,'+7(709)6358438','2017-10-5 8:28:34','Пусть это утро подарит тебе вдохновение на весь день! Целую! Твоя любимка. 11 ');
insert into sms values(89,7,'+7(978)1785218','2018-8-3 18:23:15','Мысли только позитивно, весело живи, активно! Не хандри по пустякам, и я тебе чего-то дам ) 17 ');
insert into sms values(90,78,'+7(597)9016182','2015-8-12 18:11:33','Отличного дня! Улыбок и смеха! И чтоб не мешала никакая помеха! 11 ');
insert into sms values(91,11,'+7(997)9952121','2011-10-11 9:58:10','Уважаемый абонент! Ваша SIM-карта заблокирована, звонки отключены, договор аннулирован, а Ваша предоплата нас не волнует.');
insert into sms values(92,65,'+7(510)2685625','2014-8-10 7:25:23','Просыпайся, моя радость, и улыбнись побыстрее. И это хмурое утро сразу станет солнечным, теплым и ярким, потому что встанет мое любимое солнышко! 9 ');
insert into sms values(93,64,'+7(507)3989406','2013-12-23 12:34:21','Похмелье.');
insert into sms values(94,29,'+7(298)9075367','2015-11-12 2:1:40','Думаю, моя неожиданная идея придется тебе по вкусу…  ');
insert into sms values(95,55,'+7(351)1921910','2017-7-14 13:46:50','День пусть принесет удачу, мешок чудес в придачу, новых встреч без суеты, и исполнения мечты! 21 ');
insert into sms values(96,77,'+7(757)3691361','2011-9-27 17:42:17','Пусть удача улыбнется тебе с самого утра, настроение проснется и улучшатся дела! 20 ');
insert into sms values(97,76,'+7(276)3197420','2012-2-14 10:29:33','Я раскрыла твою тайну  ');
insert into sms values(98,77,'+7(168)3324667','2020-5-3 16:23:13','Хорошего дня! Скучаю я без тебя! Хочу скорей обнять и сладко-сладко в губы поцеловать! 54 ');
insert into sms values(99,75,'+7(714)9639732','2010-7-8 19:41:24','Лови приветик от меня! Тебе я желаю хорошего дня! 19 ');
insert into sms values(100,21,'+7(168)3324667','2020-9-18 9:21:10','Думаю, моя неожиданная идея придется тебе по вкусу…  ');
insert into sms values(101,9,'+7(586)4870764','2020-3-12 15:44:58','Пусть сегодня у тебя все получается, пусть день будет хорош! Прекрасен, ясен и пригож! 13 ');
insert into sms values(102,63,'+7(966)9472425','2010-12-20 11:42:46','Рядом водичка журчит, так приятно…  ');
insert into sms values(103,67,'+7(839)7040824','2010-9-4 5:16:34','Сегодня хороший день неспроста, пусть он таким остается всегда! Пусть на работе все будет отлично и настроение феерично! 13 ');
insert into sms values(104,64,'+7(879)7788685','2019-9-3 19:34:46','Я сейчас иду такая счастливая!  ');
insert into sms values(105,49,'+7(507)3989406','2015-6-6 5:13:47','Пусть день удачливо начнется и хорошо все обернется. Ты радостно вперед иди – Удачный день ждет впереди! 23 ');
insert into sms values(106,59,'+7(315)6373036','2017-3-9 11:40:5','Так вот на что ты тратишь все деньги!  ');
insert into sms values(107,5,'+7(492)2071290','2012-2-13 21:3:31','Добрый день, милый, любимый! Так соскучилась! Поцелуй тебе нежный я шлю и обнять меня крепко прошу. 9 ');
insert into sms values(108,45,'+7(346)8757880','2014-11-4 0:22:17','Это так круто, так замечательно, что ты себе даже не представляешь!');
insert into sms values(109,69,'+7(416)6017472','2014-7-5 14:45:14','Сегодня хороший день неспроста, пусть он таким остается всегда! Пусть на работе все будет отлично и настроение феерично! 13 ');
insert into sms values(110,6,'+7(586)4870764','2019-1-19 7:36:58','Сегодня ночью обещают звездопад… Извини, но я загадаю свое самое сокровенное желание!  ');
insert into sms values(111,1,'+7(941)2496289','2014-2-28 23:1:57','Знаешь, почему ты должен терпеть мои капризы?  ');
insert into sms values(112,24,'+7(474)8054740','2018-9-27 23:44:50','Прости! ');
insert into sms values(113,34,'+7(587)3362594','2014-11-3 12:20:56','Хочу с тобой пройтись кое-куда, ну, ты помнишь это место…  ');
insert into sms values(114,68,'+7(677)3838346','2019-1-11 16:14:40','Любимый я жду тебя с нетерпеньем! Желаю всего дня тебе с везеньем! Ты в моей жизни главный! Любимый мой герой! 22 ');
insert into sms values(115,68,'+7(350)2338160','2017-3-4 0:15:54','Доброго утра желаю тебе! Пусть это день удачу несет! Желаю улыбаться, не грустить! Сегодня пусть во всем тебе везет! 11 ');
insert into sms values(116,61,'+7(980)1926191','2017-4-27 16:26:57','Девушка у вас случайно ноги не болят? Нет? Странно — а вы у меня весь день из головы не выходили!');
insert into sms values(117,37,'+7(205)8145433','2012-4-26 20:36:41','Извини сегодня прийти не смогу. Приду завтра.');
insert into sms values(118,8,'+7(485)3986846','2016-4-15 17:6:42','Желаю тебе я удачного дня, а также скорее увидеть меня! 7 ');
insert into sms values(119,11,'+7(843)8760761','2014-6-19 1:33:31','Добрый день, милый, любимый! Так соскучилась! Поцелуй тебе нежный я шлю и обнять меня крепко прошу. 9 ');
insert into sms values(120,79,'+7(827)2417000','2016-8-4 17:23:0','Утром я проснулась, сладко потянулась, вспомнила о тебе, улыбнулась и решила пожелать удачного дня! Море улыбок! Весь мир для тебя! 8 ');
insert into sms values(121,1,'+7(379)3299659','2020-3-14 20:48:22','Удачного дня! Люблю я тебя! Пусть на работе будет порядок, а вечер со мной будет сладок! 8 ');
insert into sms values(122,65,'+7(274)9256869','2020-6-8 17:26:9','Ты самый нежный и красивый! Ты мой любимый! Самый страстный и привлекательный, пусть день сегодня твой будет просто замечательный! 15 ');
insert into sms values(123,53,'+7(805)2382193','2020-10-1 18:38:20','Просыпайся, моя радость, и улыбнись побыстрее. И это хмурое утро сразу станет солнечным, теплым и ярким, потому что встанет мое любимое солнышко! 9 ');
insert into sms values(124,10,'+7(757)3691361','2014-10-3 21:9:36','Любимый я жду тебя с нетерпеньем! Желаю всего дня тебе с везеньем! Ты в моей жизни главный! Любимый мой герой! 22 ');
insert into sms values(125,26,'+7(161)4552521','2010-11-12 5:2:15','Мою голову посетила сейчас такая идея! Такая идея!  ');
insert into sms values(126,61,'+7(273)2186949','2014-1-27 6:57:57','Голосовые сообщенияБлондинка во ржи');
insert into sms values(127,35,'+7(660)2311596','2014-9-25 3:14:43','Я лежу на диване и что-то рядом плещется в стакане…  ');
insert into sms values(128,57,'+7(839)7040824','2019-2-4 19:12:51','Пусть сегодня у тебя все получается, пусть день будет хорош! Прекрасен, ясен и пригож! 13 ');
insert into sms values(129,79,'+7(492)2071290','2016-5-9 22:16:23','Я пишу тебе прилежно, чтоб сказать тепло и нежно — С добрым утром! С новым днем! Любви, удачи, счастья в нем! 20 ');
insert into sms values(130,44,'+7(481)2348372','2012-1-19 9:54:2','Доброе утро! Я сильно скучаю и очень тебя люблю! Так хочется прижаться к тебе! 9 ');
insert into sms values(131,56,'+7(839)7040824','2020-2-13 12:30:30','Сегодня ночью обещают звездопад… Извини, но я загадаю свое самое сокровенное желание!  ');

/*######################################################*/

insert into Talk values(1,14,'+7(980)1926191','2019-7-12 17:50:22',53);
insert into Talk values(2,45,'+7(345)2401385','2015-7-1 2:31:39',44);
insert into Talk values(3,41,'+7(379)3299659','2010-12-14 16:5:25',4);
insert into Talk values(4,12,'+7(709)6358438','2014-9-12 23:36:5',51);
insert into Talk values(5,71,'+7(714)9639732','2020-8-8 22:7:23',30);
insert into Talk values(6,7,'+7(529)6635183','2016-6-27 16:8:42',60);
insert into Talk values(7,23,'+7(431)3871136','2014-4-27 9:45:35',35);
insert into Talk values(8,44,'+7(839)7040824','2016-3-18 23:26:40',6);
insert into Talk values(9,14,'+7(347)5676693','2016-11-25 14:5:43',41);
insert into Talk values(10,45,'+7(190)8966114','2014-10-22 16:45:28',11);
insert into Talk values(11,18,'+7(597)9016182','2019-2-16 23:1:44',14);
insert into Talk values(12,44,'+7(576)1999505','2019-1-17 9:39:53',56);
insert into Talk values(13,57,'+7(623)2476003','2015-11-8 4:10:48',14);
insert into Talk values(14,67,'+7(510)2685625','2019-8-11 12:28:35',36);
insert into Talk values(15,25,'+7(345)2401385','2019-3-26 0:7:35',27);
insert into Talk values(16,72,'+7(515)4032605','2015-9-14 14:40:27',9);
insert into Talk values(17,22,'+7(233)1646708','2010-8-17 19:50:17',58);
insert into Talk values(18,76,'+7(274)9256869','2015-9-17 20:32:49',46);
insert into Talk values(19,57,'+7(529)6635183','2012-9-26 3:7:30',49);
insert into Talk values(20,35,'+7(376)6556984','2018-11-28 5:12:15',35);
insert into Talk values(21,26,'+7(376)6556984','2010-1-9 10:5:55',59);
insert into Talk values(22,6,'+7(841)8257704','2015-8-16 12:8:12',57);
insert into Talk values(23,25,'+7(350)2338160','2012-8-28 0:48:25',30);
insert into Talk values(24,20,'+7(492)2071290','2011-11-7 6:37:30',55);
insert into Talk values(25,69,'+7(492)2071290','2012-7-6 19:38:35',24);
insert into Talk values(26,54,'+7(534)8303543','2010-5-21 1:15:33',31);
insert into Talk values(27,75,'+7(444)3810224','2010-3-21 23:1:12',36);
insert into Talk values(28,3,'+7(827)2417000','2011-1-6 12:12:29',5);
insert into Talk values(29,23,'+7(794)8290886','2017-6-13 7:18:43',4);
insert into Talk values(30,66,'+7(807)7073195','2011-1-17 16:22:38',7);
insert into Talk values(31,67,'+7(978)1785218','2017-6-7 9:15:58',5);
insert into Talk values(32,47,'+7(677)3838346','2010-9-14 19:10:36',52);
insert into Talk values(33,9,'+7(879)7788685','2017-9-20 13:19:6',53);
insert into Talk values(34,45,'+7(298)9075367','2011-7-18 13:41:11',14);
insert into Talk values(35,72,'+7(619)6784699','2018-7-27 8:54:10',47);
insert into Talk values(36,68,'+7(681)4909565','2018-7-23 5:6:58',11);
insert into Talk values(37,55,'+7(622)6125455','2014-5-6 22:49:46',45);
insert into Talk values(38,47,'+7(348)1608030','2017-10-14 20:17:0',43);
insert into Talk values(39,20,'+7(272)4454680','2010-10-25 23:18:25',32);
insert into Talk values(40,13,'+7(481)2348372','2010-11-21 19:40:52',34);
insert into Talk values(41,55,'+7(966)9472425','2012-1-5 3:50:18',15);
insert into Talk values(42,1,'+7(841)8257704','2014-10-9 19:22:28',57);
insert into Talk values(43,76,'+7(481)2348372','2015-8-15 4:47:50',44);
insert into Talk values(44,72,'+7(839)7040824','2016-7-28 12:43:42',3);
insert into Talk values(45,35,'+7(377)7955632','2014-9-20 11:56:10',5);
insert into Talk values(46,69,'+7(507)3989406','2013-1-3 15:37:59',58);
insert into Talk values(47,58,'+7(431)3871136','2016-8-17 20:19:20',29);
insert into Talk values(48,64,'+7(233)1646708','2010-12-3 10:7:47',23);
insert into Talk values(49,30,'+7(867)7570194','2015-6-19 20:44:2',28);
insert into Talk values(50,48,'+7(350)2338160','2010-3-3 3:23:58',11);
insert into Talk values(51,48,'+7(388)8779653','2013-11-3 1:7:35',17);
insert into Talk values(52,25,'+7(340)8724525','2020-4-26 4:27:6',5);
insert into Talk values(53,68,'+7(116)1040928','2011-5-17 4:33:3',50);
insert into Talk values(54,65,'+7(161)4552521','2015-7-2 15:56:47',17);
insert into Talk values(55,47,'+7(966)9472425','2020-11-21 23:34:26',5);
insert into Talk values(56,22,'+7(379)3299659','2010-8-28 20:14:11',40);
insert into Talk values(57,31,'+7(805)2382193','2011-8-8 4:25:20',53);
insert into Talk values(58,10,'+7(841)1675384','2012-3-5 17:7:5',2);
insert into Talk values(59,3,'+7(597)9016182','2019-11-3 11:3:2',18);
insert into Talk values(60,25,'+7(350)2338160','2012-6-23 15:17:29',5);
insert into Talk values(61,1,'+7(535)9597453','2010-2-24 10:48:30',42);
insert into Talk values(62,46,'+7(966)9472425','2011-7-13 23:24:19',57);
insert into Talk values(63,8,'+7(827)2417000','2011-10-26 0:51:0',43);
insert into Talk values(64,22,'+7(416)6017472','2019-1-6 8:24:16',50);
insert into Talk values(65,39,'+7(345)2401385','2015-12-21 13:42:41',40);
insert into Talk values(66,25,'+7(116)1040928','2020-6-24 8:6:44',56);
insert into Talk values(67,7,'+7(597)9016182','2017-8-26 11:12:0',48);
insert into Talk values(68,79,'+7(827)2417000','2011-4-25 11:42:19',21);
insert into Talk values(69,39,'+7(431)3871136','2013-7-28 12:33:57',27);
insert into Talk values(70,26,'+7(839)7040824','2015-3-7 5:49:37',17);
insert into Talk values(71,25,'+7(347)5676693','2017-6-15 7:58:19',20);
insert into Talk values(72,23,'+7(416)6017472','2017-12-14 7:42:57',28);
insert into Talk values(73,43,'+7(481)2348372','2015-12-20 5:43:17',20);
insert into Talk values(74,65,'+7(794)8290886','2013-9-11 16:28:28',24);
insert into Talk values(75,10,'+7(586)4870764','2013-11-11 10:51:56',2);
insert into Talk values(76,28,'+7(174)9566266','2012-4-5 1:44:35',4);
insert into Talk values(77,62,'+7(347)5676693','2016-8-15 23:57:30',13);
insert into Talk values(78,26,'+7(805)2382193','2014-2-9 8:38:44',49);
insert into Talk values(79,58,'+7(576)1999505','2012-12-7 22:59:43',53);
insert into Talk values(80,46,'+7(351)1921910','2016-2-22 7:53:51',42);
insert into Talk values(81,51,'+7(753)2259945','2015-4-25 15:29:20',33);
insert into Talk values(82,48,'+7(807)7073195','2018-1-11 15:38:15',29);
insert into Talk values(83,79,'+7(348)1608030','2020-8-7 5:38:33',41);
insert into Talk values(84,4,'+7(570)2312907','2018-11-21 16:17:19',53);
insert into Talk values(85,78,'+7(408)8946985','2020-2-19 5:8:47',26);
insert into Talk values(86,44,'+7(534)8303543','2015-1-17 5:42:6',28);
insert into Talk values(87,16,'+7(535)9597453','2013-10-1 16:36:55',9);
insert into Talk values(88,67,'+7(578)1624647','2013-8-12 16:41:7',47);
insert into Talk values(89,15,'+7(491)2907279','2010-11-19 7:10:2',46);
insert into Talk values(90,9,'+7(205)8145433','2018-1-13 11:42:55',58);
insert into Talk values(91,7,'+7(966)9472425','2011-10-3 21:11:37',48);
insert into Talk values(92,53,'+7(492)2071290','2015-7-27 22:48:33',44);
insert into Talk values(93,15,'+7(345)2401385','2011-3-4 11:46:5',46);
insert into Talk values(94,66,'+7(597)9016182','2016-7-26 10:11:40',59);
insert into Talk values(95,69,'+7(623)2476003','2013-4-17 5:42:55',1);
insert into Talk values(96,34,'+7(681)4909565','2014-7-16 18:9:40',51);
insert into Talk values(97,9,'+7(622)6125455','2019-10-11 21:14:55',30);
insert into Talk values(98,63,'+7(116)1040928','2018-8-8 14:14:26',39);
insert into Talk values(99,8,'+7(714)9639732','2011-11-16 17:21:37',40);
insert into Talk values(100,16,'+7(485)3986846','2013-1-11 19:31:23',49);
insert into Talk values(101,73,'+7(619)6784699','2017-9-10 4:29:50',3);
insert into Talk values(102,5,'+7(507)3989406','2020-9-3 8:31:21',4);
insert into Talk values(103,33,'+7(580)9250217','2014-7-9 2:47:15',29);
insert into Talk values(104,60,'+7(623)2476003','2020-7-12 22:24:31',15);
insert into Talk values(105,25,'+7(805)2382193','2013-2-5 1:53:58',41);
insert into Talk values(106,57,'+7(622)6125455','2010-1-9 5:40:42',2);
insert into Talk values(107,4,'+7(190)8966114','2020-8-23 8:50:29',21);
insert into Talk values(108,72,'+7(376)6556984','2020-1-19 20:5:49',34);
insert into Talk values(109,37,'+7(586)4870764','2017-11-28 12:12:3',35);
insert into Talk values(110,43,'+7(416)6017472','2010-3-9 14:33:29',29);
insert into Talk values(111,24,'+7(408)8946985','2018-2-7 0:46:8',56);
insert into Talk values(112,13,'+7(156)4607825','2015-4-24 11:15:27',3);
insert into Talk values(113,56,'+7(444)3810224','2013-3-20 11:18:52',41);
insert into Talk values(114,49,'+7(879)7788685','2014-7-6 22:2:53',20);
insert into Talk values(115,60,'+7(714)9639732','2014-10-27 5:28:7',44);
insert into Talk values(116,65,'+7(274)9256869','2016-7-21 6:8:50',26);
insert into Talk values(117,7,'+7(709)6358438','2019-8-2 12:29:40',39);
insert into Talk values(118,54,'+7(619)6784699','2011-5-8 13:37:58',2);
insert into Talk values(119,65,'+7(507)3989406','2010-2-2 13:27:8',28);
insert into Talk values(120,32,'+7(841)8257704','2013-10-16 20:53:29',55);
insert into Talk values(121,14,'+7(326)2358034','2018-4-16 16:57:19',42);
insert into Talk values(122,45,'+7(116)1040928','2014-4-2 21:6:37',5);
insert into Talk values(123,42,'+7(273)2186949','2012-12-8 8:53:44',7);
insert into Talk values(124,62,'+7(276)3197420','2015-1-28 16:15:45',42);
insert into Talk values(125,43,'+7(388)8779653','2018-1-8 16:10:8',38);
insert into Talk values(126,57,'+7(794)8290886','2020-4-1 12:4:30',16);
insert into Talk values(127,76,'+7(867)7570194','2012-7-24 19:3:0',18);
insert into Talk values(128,56,'+7(586)4870764','2015-9-16 10:7:7',20);
insert into Talk values(129,40,'+7(388)8779653','2010-10-13 20:4:24',2);
insert into Talk values(130,48,'+7(963)2155358','2014-10-7 16:0:3',51);
insert into Talk values(131,75,'+7(843)8760761','2011-11-5 22:20:24',11);

/*######################################################*/


insert into ZOOM values(1,19,'2020-10-21 5:31:8',180);
insert into ZOOM values(2,7,'2018-10-14 22:46:15',136);
insert into ZOOM values(3,35,'2020-9-3 3:13:8',74);
insert into ZOOM values(4,44,'2020-7-15 19:37:32',158);
insert into ZOOM values(5,58,'2021-4-17 5:8:41',115);
insert into ZOOM values(6,28,'2020-3-4 10:56:25',88);
insert into ZOOM values(7,34,'2020-1-21 10:5:49',122);
insert into ZOOM values(8,12,'2021-4-14 19:35:8',95);
insert into ZOOM values(9,69,'2019-2-9 8:57:34',119);
insert into ZOOM values(10,32,'2021-3-12 20:17:0',119);
insert into ZOOM values(11,40,'2019-11-1 16:19:25',119);
insert into ZOOM values(12,49,'2021-4-13 11:25:11',148);
insert into ZOOM values(13,39,'2018-9-22 23:46:35',174);
insert into ZOOM values(14,6,'2018-9-8 7:39:26',93);
insert into ZOOM values(15,59,'2020-3-26 21:1:18',44);
insert into ZOOM values(16,52,'2018-5-16 7:56:41',152);
insert into ZOOM values(17,22,'2018-5-24 18:25:15',75);
insert into ZOOM values(18,42,'2019-7-1 13:26:30',90);
insert into ZOOM values(19,46,'2021-3-25 17:55:15',80);
insert into ZOOM values(20,18,'2021-7-17 5:34:17',105);
insert into ZOOM values(21,8,'2018-10-10 0:17:1',66);
insert into ZOOM values(22,32,'2019-2-2 19:2:43',31);
insert into ZOOM values(23,50,'2020-7-2 13:31:53',161);
insert into ZOOM values(24,50,'2020-1-4 4:1:53',134);
insert into ZOOM values(25,55,'2021-7-11 9:11:57',47);
insert into ZOOM values(26,17,'2020-7-19 23:17:28',91);
insert into ZOOM values(27,27,'2018-1-18 22:14:4',62);
insert into ZOOM values(28,30,'2019-12-10 17:31:51',129);
insert into ZOOM values(29,55,'2021-5-26 12:17:12',36);
insert into ZOOM values(30,58,'2020-8-21 23:54:28',153);
insert into ZOOM values(31,20,'2021-10-14 13:5:36',51);
insert into ZOOM values(32,18,'2020-9-17 16:16:8',100);
insert into ZOOM values(33,24,'2019-8-24 18:12:16',78);
insert into ZOOM values(34,36,'2021-2-12 10:50:44',67);
insert into ZOOM values(35,18,'2021-11-1 0:47:43',90);
insert into ZOOM values(36,23,'2021-1-24 22:28:15',27);
insert into ZOOM values(37,35,'2019-6-9 8:49:2',96);
insert into ZOOM values(38,28,'2021-12-8 21:11:3',68);
insert into ZOOM values(39,3,'2021-12-19 19:29:22',33);
insert into ZOOM values(40,43,'2020-6-3 14:17:35',156);
insert into ZOOM values(41,19,'2018-1-6 4:0:12',68);
insert into ZOOM values(42,62,'2020-2-8 22:6:47',62);
insert into ZOOM values(43,69,'2020-12-27 17:20:17',122);
insert into ZOOM values(44,41,'2020-6-17 17:41:53',103);
insert into ZOOM values(45,43,'2020-12-6 15:10:49',144);
insert into ZOOM values(46,39,'2018-2-11 23:50:46',169);
insert into ZOOM values(47,33,'2018-7-8 21:42:52',103);
insert into ZOOM values(48,49,'2021-10-13 1:30:34',137);
insert into ZOOM values(49,74,'2020-11-8 6:20:34',35);
insert into ZOOM values(50,23,'2020-6-9 7:2:50',162);
insert into ZOOM values(51,61,'2019-2-13 0:23:35',40);
insert into ZOOM values(52,34,'2020-3-8 22:7:33',52);
insert into ZOOM values(53,22,'2019-7-12 23:34:59',87);
insert into ZOOM values(54,11,'2021-6-20 13:12:32',30);
insert into ZOOM values(55,76,'2021-3-24 13:23:46',25);
insert into ZOOM values(56,68,'2020-11-5 11:54:37',27);
insert into ZOOM values(57,28,'2020-6-17 10:1:1',86);
insert into ZOOM values(58,73,'2021-2-1 23:38:54',163);
insert into ZOOM values(59,30,'2020-12-27 0:5:9',138);
insert into ZOOM values(60,45,'2019-4-11 13:55:49',129);
insert into ZOOM values(61,62,'2018-10-21 14:57:38',178);
insert into ZOOM values(62,17,'2018-12-26 4:9:16',33);
insert into ZOOM values(63,39,'2018-5-3 18:19:4',110);
insert into ZOOM values(64,29,'2020-8-11 12:26:10',146);
insert into ZOOM values(65,49,'2019-1-28 10:51:59',160);
insert into ZOOM values(66,18,'2019-6-5 3:20:48',147);
insert into ZOOM values(67,39,'2021-1-10 8:58:20',81);
insert into ZOOM values(68,32,'2021-4-27 12:59:36',133);
insert into ZOOM values(69,26,'2019-10-25 5:3:46',73);
insert into ZOOM values(70,5,'2021-7-18 9:25:8',91);
insert into ZOOM values(71,50,'2020-6-15 0:3:11',61);
insert into ZOOM values(72,38,'2020-3-9 10:38:19',123);
insert into ZOOM values(73,24,'2020-6-6 11:12:15',127);
insert into ZOOM values(74,67,'2021-10-11 13:12:36',43);
insert into ZOOM values(75,42,'2021-7-17 15:29:7',168);
insert into ZOOM values(76,60,'2020-2-14 13:6:32',108);
insert into ZOOM values(77,16,'2020-2-9 14:40:42',61);
insert into ZOOM values(78,10,'2018-11-16 19:3:26',29);
insert into ZOOM values(79,39,'2018-4-18 19:30:18',118);
insert into ZOOM values(80,42,'2019-11-13 12:9:37',113);
insert into ZOOM values(81,55,'2018-12-16 15:37:6',82);
insert into ZOOM values(82,47,'2018-3-20 7:14:24',177);
insert into ZOOM values(83,35,'2021-8-21 8:39:5',58);
insert into ZOOM values(84,17,'2018-6-26 1:46:1',134);
insert into ZOOM values(85,31,'2019-6-24 5:49:16',76);
insert into ZOOM values(86,54,'2018-7-5 12:35:0',84);
insert into ZOOM values(87,39,'2018-1-11 0:52:0',131);
insert into ZOOM values(88,30,'2021-12-3 10:27:13',113);
insert into ZOOM values(89,75,'2021-7-16 15:18:38',45);
insert into ZOOM values(90,35,'2020-6-26 2:0:40',144);
insert into ZOOM values(91,69,'2018-9-27 13:23:10',130);
insert into ZOOM values(92,39,'2019-4-13 7:5:28',125);
insert into ZOOM values(93,40,'2021-3-26 20:22:10',123);
insert into ZOOM values(94,75,'2018-11-4 22:16:25',137);
insert into ZOOM values(95,33,'2020-12-26 7:39:57',123);
insert into ZOOM values(96,33,'2019-12-14 7:20:20',33);
insert into ZOOM values(97,37,'2020-9-11 6:18:19',129);
insert into ZOOM values(98,53,'2021-5-28 3:18:28',45);
insert into ZOOM values(99,68,'2018-4-9 8:17:58',91);
insert into ZOOM values(100,25,'2018-5-10 5:1:23',38);
insert into ZOOM values(101,55,'2019-6-24 15:7:58',112);
insert into ZOOM values(102,67,'2020-6-25 2:31:43',174);
insert into ZOOM values(103,64,'2020-5-3 14:40:22',162);
insert into ZOOM values(104,40,'2019-4-2 6:38:26',104);
insert into ZOOM values(105,61,'2018-12-8 3:42:7',41);
insert into ZOOM values(106,13,'2021-6-9 5:54:1',145);
insert into ZOOM values(107,1,'2021-11-1 23:38:55',47);
insert into ZOOM values(108,79,'2021-12-6 3:29:47',97);
insert into ZOOM values(109,54,'2018-7-4 6:0:51',131);
insert into ZOOM values(110,67,'2020-10-17 17:5:20',62);
insert into ZOOM values(111,21,'2021-9-27 0:19:48',94);
insert into ZOOM values(112,79,'2018-7-24 20:17:12',34);
insert into ZOOM values(113,32,'2019-5-4 21:20:43',83);
insert into ZOOM values(114,14,'2021-12-16 2:11:44',72);
insert into ZOOM values(115,25,'2019-6-17 9:7:13',25);
insert into ZOOM values(116,74,'2020-4-2 2:23:35',123);
insert into ZOOM values(117,21,'2018-12-20 15:45:31',149);
insert into ZOOM values(118,42,'2021-4-4 2:57:21',130);
insert into ZOOM values(119,29,'2021-3-2 19:20:33',104);
insert into ZOOM values(120,75,'2018-1-22 11:9:51',101);
insert into ZOOM values(121,46,'2018-3-23 8:6:27',177);
insert into ZOOM values(122,54,'2021-12-5 22:40:58',152);
insert into ZOOM values(123,15,'2019-9-8 15:43:27',126);
insert into ZOOM values(124,6,'2020-12-7 15:56:43',145);
insert into ZOOM values(125,15,'2021-2-19 8:43:20',35);
insert into ZOOM values(126,58,'2021-9-2 3:2:6',142);
insert into ZOOM values(127,73,'2019-8-17 11:8:42',120);
insert into ZOOM values(128,52,'2019-9-21 18:57:47',125);
insert into ZOOM values(129,59,'2020-9-19 5:5:51',89);
insert into ZOOM values(130,42,'2018-9-26 15:2:54',67);
insert into ZOOM values(131,53,'2019-8-15 7:21:46',125);

/*######################################################*/

insert into ZOOM_MEMBERS values(1,69);
insert into ZOOM_MEMBERS values(2,22);
insert into ZOOM_MEMBERS values(2,55);
insert into ZOOM_MEMBERS values(4,63);
insert into ZOOM_MEMBERS values(5,45);
insert into ZOOM_MEMBERS values(6,14);
insert into ZOOM_MEMBERS values(6,30);
insert into ZOOM_MEMBERS values(7,27);
insert into ZOOM_MEMBERS values(7,68);
insert into ZOOM_MEMBERS values(7,69);
insert into ZOOM_MEMBERS values(8,36);
insert into ZOOM_MEMBERS values(8,38);
insert into ZOOM_MEMBERS values(8,46);
insert into ZOOM_MEMBERS values(9,56);
insert into ZOOM_MEMBERS values(9,72);
insert into ZOOM_MEMBERS values(10,59);
insert into ZOOM_MEMBERS values(11,50);
insert into ZOOM_MEMBERS values(12,6);
insert into ZOOM_MEMBERS values(12,34);
insert into ZOOM_MEMBERS values(13,19);
insert into ZOOM_MEMBERS values(13,64);
insert into ZOOM_MEMBERS values(14,12);
insert into ZOOM_MEMBERS values(14,32);
insert into ZOOM_MEMBERS values(14,71);
insert into ZOOM_MEMBERS values(15,54);
insert into ZOOM_MEMBERS values(16,14);
insert into ZOOM_MEMBERS values(17,9);
insert into ZOOM_MEMBERS values(17,75);
insert into ZOOM_MEMBERS values(17,74);
insert into ZOOM_MEMBERS values(18,15);
insert into ZOOM_MEMBERS values(18,38);
insert into ZOOM_MEMBERS values(19,6);
insert into ZOOM_MEMBERS values(19,50);
insert into ZOOM_MEMBERS values(19,55);
insert into ZOOM_MEMBERS values(19,74);
insert into ZOOM_MEMBERS values(21,47);
insert into ZOOM_MEMBERS values(23,23);
insert into ZOOM_MEMBERS values(24,24);
insert into ZOOM_MEMBERS values(24,64);
insert into ZOOM_MEMBERS values(25,11);
insert into ZOOM_MEMBERS values(26,1);
insert into ZOOM_MEMBERS values(27,27);
insert into ZOOM_MEMBERS values(28,31);
insert into ZOOM_MEMBERS values(29,68);
insert into ZOOM_MEMBERS values(30,46);
insert into ZOOM_MEMBERS values(32,21);
insert into ZOOM_MEMBERS values(32,59);
insert into ZOOM_MEMBERS values(33,36);
insert into ZOOM_MEMBERS values(33,38);
insert into ZOOM_MEMBERS values(34,23);
insert into ZOOM_MEMBERS values(34,32);
insert into ZOOM_MEMBERS values(35,54);
insert into ZOOM_MEMBERS values(36,31);
insert into ZOOM_MEMBERS values(36,44);
insert into ZOOM_MEMBERS values(36,58);
insert into ZOOM_MEMBERS values(36,70);
insert into ZOOM_MEMBERS values(37,21);
insert into ZOOM_MEMBERS values(37,70);
insert into ZOOM_MEMBERS values(38,6);
insert into ZOOM_MEMBERS values(38,14);
insert into ZOOM_MEMBERS values(38,60);
insert into ZOOM_MEMBERS values(40,38);
insert into ZOOM_MEMBERS values(41,68);
insert into ZOOM_MEMBERS values(42,20);
insert into ZOOM_MEMBERS values(42,51);
insert into ZOOM_MEMBERS values(43,31);
insert into ZOOM_MEMBERS values(45,67);
insert into ZOOM_MEMBERS values(45,73);
insert into ZOOM_MEMBERS values(46,37);
insert into ZOOM_MEMBERS values(47,22);
insert into ZOOM_MEMBERS values(47,24);
insert into ZOOM_MEMBERS values(48,60);
insert into ZOOM_MEMBERS values(49,28);
insert into ZOOM_MEMBERS values(49,62);
insert into ZOOM_MEMBERS values(50,43);
insert into ZOOM_MEMBERS values(50,57);
insert into ZOOM_MEMBERS values(53,77);
insert into ZOOM_MEMBERS values(54,69);
insert into ZOOM_MEMBERS values(55,1);
insert into ZOOM_MEMBERS values(56,21);
insert into ZOOM_MEMBERS values(57,16);
insert into ZOOM_MEMBERS values(57,30);
insert into ZOOM_MEMBERS values(58,38);
insert into ZOOM_MEMBERS values(58,72);
insert into ZOOM_MEMBERS values(59,4);
insert into ZOOM_MEMBERS values(59,63);
insert into ZOOM_MEMBERS values(60,22);
insert into ZOOM_MEMBERS values(60,55);
insert into ZOOM_MEMBERS values(61,33);
insert into ZOOM_MEMBERS values(62,73);
insert into ZOOM_MEMBERS values(63,38);
insert into ZOOM_MEMBERS values(64,19);
insert into ZOOM_MEMBERS values(64,45);
insert into ZOOM_MEMBERS values(65,24);
insert into ZOOM_MEMBERS values(65,35);
insert into ZOOM_MEMBERS values(66,16);
insert into ZOOM_MEMBERS values(66,68);
insert into ZOOM_MEMBERS values(67,5);
insert into ZOOM_MEMBERS values(67,41);
insert into ZOOM_MEMBERS values(67,42);
insert into ZOOM_MEMBERS values(68,39);
insert into ZOOM_MEMBERS values(69,20);
insert into ZOOM_MEMBERS values(69,51);
insert into ZOOM_MEMBERS values(70,43);
insert into ZOOM_MEMBERS values(71,20);
insert into ZOOM_MEMBERS values(71,46);
insert into ZOOM_MEMBERS values(73,7);
insert into ZOOM_MEMBERS values(73,18);
insert into ZOOM_MEMBERS values(74,28);
insert into ZOOM_MEMBERS values(74,38);
insert into ZOOM_MEMBERS values(75,12);
insert into ZOOM_MEMBERS values(75,56);
insert into ZOOM_MEMBERS values(77,26);
insert into ZOOM_MEMBERS values(77,37);
insert into ZOOM_MEMBERS values(77,55);
insert into ZOOM_MEMBERS values(78,66);
insert into ZOOM_MEMBERS values(79,25);
insert into ZOOM_MEMBERS values(79,29);
insert into ZOOM_MEMBERS values(79,37);
insert into ZOOM_MEMBERS values(80,17);
insert into ZOOM_MEMBERS values(80,64);
insert into ZOOM_MEMBERS values(82,5);
insert into ZOOM_MEMBERS values(84,40);
insert into ZOOM_MEMBERS values(84,52);
insert into ZOOM_MEMBERS values(86,34);
insert into ZOOM_MEMBERS values(88,71);
insert into ZOOM_MEMBERS values(89,19);
insert into ZOOM_MEMBERS values(90,51);
insert into ZOOM_MEMBERS values(90,56);
insert into ZOOM_MEMBERS values(91,5);
insert into ZOOM_MEMBERS values(91,31);
insert into ZOOM_MEMBERS values(92,28);
insert into ZOOM_MEMBERS values(93,20);
insert into ZOOM_MEMBERS values(94,52);
insert into ZOOM_MEMBERS values(95,13);
insert into ZOOM_MEMBERS values(95,74);
insert into ZOOM_MEMBERS values(97,17);
insert into ZOOM_MEMBERS values(97,24);
insert into ZOOM_MEMBERS values(97,41);
insert into ZOOM_MEMBERS values(97,74);
insert into ZOOM_MEMBERS values(99,9);
insert into ZOOM_MEMBERS values(99,11);
insert into ZOOM_MEMBERS values(99,24);
insert into ZOOM_MEMBERS values(99,28);
insert into ZOOM_MEMBERS values(99,38);
insert into ZOOM_MEMBERS values(99,65);
insert into ZOOM_MEMBERS values(100,9);
insert into ZOOM_MEMBERS values(100,35);
insert into ZOOM_MEMBERS values(101,10);
insert into ZOOM_MEMBERS values(101,73);
insert into ZOOM_MEMBERS values(102,20);
insert into ZOOM_MEMBERS values(102,31);
insert into ZOOM_MEMBERS values(102,34);
insert into ZOOM_MEMBERS values(103,6);
insert into ZOOM_MEMBERS values(103,25);
insert into ZOOM_MEMBERS values(104,76);
insert into ZOOM_MEMBERS values(105,15);
insert into ZOOM_MEMBERS values(105,71);
insert into ZOOM_MEMBERS values(107,9);
insert into ZOOM_MEMBERS values(111,14);
insert into ZOOM_MEMBERS values(111,41);
insert into ZOOM_MEMBERS values(112,12);
insert into ZOOM_MEMBERS values(112,54);
insert into ZOOM_MEMBERS values(113,47);
insert into ZOOM_MEMBERS values(113,57);
insert into ZOOM_MEMBERS values(113,59);
insert into ZOOM_MEMBERS values(113,61);
insert into ZOOM_MEMBERS values(114,75);
insert into ZOOM_MEMBERS values(115,78);
insert into ZOOM_MEMBERS values(117,28);
insert into ZOOM_MEMBERS values(118,11);
insert into ZOOM_MEMBERS values(118,33);
insert into ZOOM_MEMBERS values(119,2);
insert into ZOOM_MEMBERS values(120,3);
insert into ZOOM_MEMBERS values(121,10);
insert into ZOOM_MEMBERS values(121,33);
insert into ZOOM_MEMBERS values(121,41);
insert into ZOOM_MEMBERS values(121,46);
insert into ZOOM_MEMBERS values(122,40);
insert into ZOOM_MEMBERS values(122,71);
insert into ZOOM_MEMBERS values(123,14);
insert into ZOOM_MEMBERS values(123,22);
insert into ZOOM_MEMBERS values(123,36);
insert into ZOOM_MEMBERS values(124,8);
insert into ZOOM_MEMBERS values(125,7);
insert into ZOOM_MEMBERS values(126,18);
insert into ZOOM_MEMBERS values(126,49);
insert into ZOOM_MEMBERS values(127,13);
insert into ZOOM_MEMBERS values(127,21);
insert into ZOOM_MEMBERS values(127,46);
insert into ZOOM_MEMBERS values(127,51);
insert into ZOOM_MEMBERS values(128,23);
insert into ZOOM_MEMBERS values(128,67);
insert into ZOOM_MEMBERS values(128,71);
insert into ZOOM_MEMBERS values(130,6);
insert into ZOOM_MEMBERS values(130,17);
insert into ZOOM_MEMBERS values(130,18);
insert into ZOOM_MEMBERS values(130,28);
insert into ZOOM_MEMBERS values(130,30);


/*######################################################*/

ALTER TABLE Person ADD 
	CONSTRAINT PK PRIMARY KEY
	(
		ID
	);   

	
ALTER TABLE Address ADD 
	CONSTRAINT PK PRIMARY KEY
	(
		ID
	);   

	
ALTER TABLE Tel ADD 
	CONSTRAINT PK PRIMARY KEY
	(
		ID
	);   

ALTER TABLE Sms ADD 
	CONSTRAINT PK PRIMARY KEY
	(
		ID
	);   

ALTER TABLE Talk ADD 
	CONSTRAINT PK PRIMARY KEY
	(
		ID
	);   
	
ALTER TABLE ZOOM ADD 
	CONSTRAINT PK PRIMARY KEY
	(
		ID
	);   

ALTER TABLE Person ADD 
	CONSTRAINT FK_PAIR FOREIGN KEY 
	(
		PAIR
	) REFERENCES Person (
		ID
	);

ALTER TABLE Address ADD 
	CONSTRAINT FK_Person FOREIGN KEY 
	(
		ID_Person
	) REFERENCES Person (
		ID
	);
	
ALTER TABLE Tel ADD 
	CONSTRAINT FK_TelPerson FOREIGN KEY 
	(
		ID_Person
	) REFERENCES Person (
		ID
	);

ALTER TABLE sms ADD 
	CONSTRAINT FK_SMS_Tel FOREIGN KEY 
	(
		ID_Tel
	) REFERENCES Tel (
		ID
	);

ALTER TABLE Talk ADD 
	CONSTRAINT FK_Talk_Tel FOREIGN KEY 
	(
		ID_Tel
	) REFERENCES Tel (
		ID
	);

ALTER TABLE ZOOM ADD 
	CONSTRAINT FK_ZOOM_Tel FOREIGN KEY 
	(
		ID_Tel
	) REFERENCES Tel (
		ID
	);

ALTER TABLE zoom_members ADD 
	UNIQUE UK_ZOOM_MEMBERS (ID_ZOOM, ID_Tel);

ALTER TABLE ZOOM_MEMBERS ADD 
	CONSTRAINT FK_MEMBER_Tel FOREIGN KEY 
	(
		ID_Tel
	) REFERENCES Tel (
		ID
	);

ALTER TABLE ZOOM_MEMBERS ADD 
	CONSTRAINT FK_MEMBER_ZOOM FOREIGN KEY 
	(
		ID_ZOOM
	) REFERENCES ZOOM (
		ID
	);
	